,가수이름,노래제목
0,G-DRAGON,TOO BAD (feat. Anderson .Paak)
1,조째즈,모르시나요(PROD.로코베리)
2,WOODZ,Drowning
3,제니 (JENNIE),like JENNIE
4,G-DRAGON,"HOME SWEET HOME (feat. 태양, 대성)"
5,황가람,나는 반딧불
6,IVE (아이브),REBEL HEART
7,aespa,Whiplash
8,BOYNEXTDOOR,오늘만 I LOVE YOU
9,"로제 (ROSÉ), Bruno Mars",APT.
10,LE SSERAFIM (르세라핌),HOT
11,오반(OVAN),Flower
12,DAY6 (데이식스),HAPPY
13,IVE (아이브),ATTITUDE
14,로제 (ROSÉ),toxic till the end
15,로이킴,내게 사랑이 뭐냐고 물어본다면
16,이클립스 (ECLIPSE),소나기
17,KiiiKiii (키키),I DO ME
18,G-DRAGON,PO￦ER
19,황가람,미치게 그리워서
20,G-DRAGON,TAKE ME
21,이창섭,천상연
22,DAY6 (데이식스),한 페이지가 될 수 있게
23,DAY6 (데이식스),Welcome to the Show
24,임영웅,사랑은 늘 도망가
25,aespa,Supernova
26,"Lady Gaga, Bruno Mars",Die With A Smile
27,AKMU (악뮤),"어떻게 이별까지 사랑하겠어, 널 사랑하는 거지"
28,DAY6 (데이식스),예뻤어
29,이무진,청춘만화
30,BABYMONSTER,DRIP
31,PLAVE,Dash
32,순순희(지환),슬픈 초대장
33,아이유,Love wins all
34,"이예은, 아샤트리, 전건호",MY LOVE(2025)
35,임영웅,우리들의 블루스
36,너드커넥션 (Nerd Connection),그대만 있다면 (여름날 우리 X 너드커넥션 (Nerd Connection))
37,aespa,UP (KARINA Solo)
38,임영웅,온기
39,이무진,청혼하지 않을 이유를 못 찾았어
40,QWER,내 이름 맑음
41,성시경,너의 모든 순간
42,G-DRAGON,"무제(無題) (Untitled, 2014)"
43,멜로망스,사랑인가 봐
44,Hearts2Hearts (하츠투하츠),The Chase
45,QWER,고민중독
46,임영웅,모래 알갱이
47,임재현,비의 랩소디
48,TWS (투어스),첫 만남은 계획대로 되지 않아
49,PLAVE,RIZZ
50,임영웅,Home
51,폴킴,"모든 날, 모든 순간 (Every day, Every Moment)"
52,PLAVE,Island
53,잔나비,주저하는 연인들을 위해
54,임영웅,다시 만날 수 있을까
55,이무진,에피소드
56,아일릿(ILLIT),Magnetic
57,NewJeans,How Sweet
58,임영웅,이제 나만 믿어요
59,"경서예지, 전건호",다정히 내 이름을 부르면
60,PLAVE,Chroma Drift
61,(여자)아이들,나는 아픈 건 딱 질색이니까
62,박재정,헤어지자 말해요
63,방탄소년단,봄날
64,BOYNEXTDOOR,이렇게 좋아해 본 적이 없어요
65,PLAVE,12:32 (A to T)
66,제니 (JENNIE),Mantra
67,프로미스나인,Supersonic
68,IVE (아이브),I AM
69,우디 (Woody),어제보다 슬픈 오늘
70,범진,인사
71,재쓰비 (JAESSBEE),너와의 모든 지금
72,정국,Seven (feat. Latto) - Clean Ver.
73,이영지,Small girl (feat. 도경수(D.O.))
74,Crush,미안해 미워해 사랑해
75,10CM,너에게 닿기를
76,NewJeans,Hype Boy
77,임영웅,Do or Die
78,김민석,취중고백
79,임영웅,무지개
80,임영웅,인생찬가
81,임영웅,Polaroid
82,임영웅,London Boy
83,우디 (Woody),사막에서 꽃을 피우듯
84,NewJeans,Ditto
85,송필근,숙녀에게
86,"j-hope, Miguel",Sweet Dreams (feat. Miguel)
87,aespa,Armageddon
88,순순희,살기 위해서
89,KISS OF LIFE,Sticky
90,DAY6 (데이식스),녹아내려요
91,IVE (아이브),해야 (HEYA)
92,G-DRAGON,DRAMA
93,임영웅,연애편지
94,NewJeans,Supernatural
95,로제 (ROSÉ),number one girl
96,지수 (JISOO),earthquake
97,KISS OF LIFE,Igloo
98,태연 (TAEYEON),To. X
99,임영웅,보금자리
